user_id,name,email,city,state,zip_code,country,signup_date
1,James Hart,thuber@example.com,South Lanceland,Virginia,77557,Bermuda,2025-09-13
2,April Williams,penaamy@example.net,Sanchezland,Florida,15421,Puerto Rico,2025-04-12
3,Erica Colon,kathy57@example.org,Rhondamouth,Montana,96030,Mayotte,2025-09-01
4,Nicole Schwartz,emilypearson@example.com,Wellsville,Oregon,48056,Nigeria,2026-02-18
5,Timothy Schneider,stewarttimothy@example.com,Joelview,Pennsylvania,56713,Moldova,2026-02-05
6,Jennifer Beasley,destiny05@example.com,Jonathanside,Minnesota,03620,Korea,2026-02-17
7,Victoria Mayo,amber91@example.org,East Christopherchester,New York,18844,Azerbaijan,2025-08-21
8,Mr. Joshua Cochran,piercecurtis@example.org,New Ronaldtown,Illinois,04246,Fiji,2025-07-09
9,Mrs. Nancy Dixon DDS,michael60@example.com,Baileyhaven,Kansas,90317,Madagascar,2026-02-21
10,Holly Murphy,sawyermichelle@example.net,West Brentport,Montana,97326,Saint Vincent and the Grenadines,2025-11-01
11,,joshua48@example.org,West Angelicachester,Utah,69848,Guadeloupe,2025-10-20
12,Robert Smith,,South Matthewborough,California,45597,Tokelau,2026-01-22
13,Megan Mccoy,dunnkristi@example.com,Banksmouth,California,31421,Palestinian Territory,2025-04-26
14,Andrea Walton,howellbradley@example.com,Douglasside,Arkansas,79889,Norfolk Island,2025-04-03
15,Lisa Wood,tthompson@example.net,Downsfurt,Maine,16959,Greece,2025-06-06
16,Joseph Camacho,nancy25@example.com,East William,Minnesota,87711,Barbados,2025-11-25
17,Jennifer Escobar,collierryan@example.net,Donnatown,Minnesota,39673,United States Virgin Islands,2025-11-30
18,Debra Johnson DDS,qriley@example.com,Lake Philip,North Carolina,99650,Bosnia and Herzegovina,2025-04-20
19,Peter Brown,amandamcguire@example.net,West Raymond,Maine,33338,Burkina Faso,2025-08-21
20,Kimberly Schmidt,kmitchell@example.com,New Matthew,South Carolina,60858,Burundi,2026-01-10
21,Jamie Diaz,maxwelldaniel@example.net,Nathanborough,Minnesota,48313,Wallis and Futuna,2025-10-26
22,Stephen Dunlap,ramseyjason@example.org,Alexandrialand,Indiana,74706,Bulgaria,2025-07-18
23,Deanna Sosa,,Gonzaleztown,Ohio,81173,Morocco,2025-12-01
24,Melanie Todd,johnsontodd@example.org,West Amanda,Alaska,37802,Suriname,2025-04-17
25,Crystal Cole,marcus26@example.net,East Adrian,Kansas,53439,Andorra,2025-04-17
26,Caitlyn Rodriguez,kevinoneal@example.org,Anthonyhaven,Nevada,88848,Afghanistan,2025-07-25
27,Benjamin Smith,patrickramos@example.com,North Reneeview,Oklahoma,85675,Nauru,2026-01-06
28,Annette Cox,,Lunaburgh,Arizona,70123,Kazakhstan,2026-01-13
29,Matthew Taylor,katelynthomas@example.org,Smithview,Vermont,81311,Namibia,2025-12-06
30,Peter Hernandez,robertrodriguez@example.com,South Manuel,Wisconsin,69551,Niue,2025-10-31
31,Thomas Cook,karentaylor@example.org,Lake Felicia,Missouri,37390,Cape Verde,2026-01-05
32,Joshua Gordon,owensadam@example.com,Port George,Florida,91553,Mexico,2026-02-04
33,Timothy Johnston,kstout@example.com,New Michael,New York,07656,Netherlands Antilles,2025-12-27
34,Brenda Walls,jacksonlong@example.org,New Ronald,Ohio,61044,Mauritania,2025-08-05
35,Stephanie Johnson,rachelbutler@example.net,Andersonmouth,West Virginia,63278,Philippines,2025-05-28
36,,tgallegos@example.org,Mooreburgh,Wisconsin,51273,Sweden,2025-11-08
37,Adam Anderson,dixonlauren@example.com,West Christianville,South Carolina,63166,Bangladesh,2025-09-04
38,David Quinn DVM,riosbrandy@example.com,Gabrielmouth,Hawaii,58203,Peru,2026-01-01
39,,lisa58@example.net,Marissaland,Wisconsin,40473,Philippines,2025-07-19
40,Todd Krueger,anitasanchez@example.org,West Jenniferburgh,Arizona,37956,Eritrea,2025-06-26
41,Katie Perez,ybryant@example.com,Ronaldview,North Dakota,49337,Wallis and Futuna,2025-03-26
42,Jonathan Abbott,,Stewartland,South Carolina,18685,Russian Federation,2026-03-04
43,Leah Mcclain,smithtonya@example.net,Butlerview,South Dakota,30119,Panama,2025-07-16
44,Leonard Cruz,ashley00@example.org,South Daniellemouth,Iowa,37059,China,2025-10-23
45,Jennifer Lang,smithstephanie@example.org,East Victoria,Tennessee,05923,Timor-Leste,2026-01-04
46,Kara Burke,bakergrace@example.org,Hansenstad,Ohio,22526,India,2025-12-08
47,,mrivera@example.net,North Jermaine,Alabama,35455,Romania,2025-04-17
48,Jeffrey Richardson,kyle77@example.org,Elizabethstad,Colorado,24128,Honduras,2025-10-29
49,Alexis Wilson,jared81@example.net,East Jeremy,Alaska,91476,Morocco,2025-05-25
50,James Sanchez,robert20@example.net,South Michaelview,Minnesota,67786,Italy,2026-03-09
51,James Jackson,rachel93@example.com,Port Robert,Indiana,40979,Estonia,2025-04-04
52,Marcus Welch,mark86@example.com,Robertside,Maryland,18004,Syrian Arab Republic,2025-11-19
53,Todd Campbell,melanie56@example.com,North Robertville,Arizona,04301,San Marino,2025-07-17
54,Daniel Drake,jacobsontroy@example.com,North Zachary,Alabama,90832,Bahamas,2025-12-21
55,Pamela Soto,whiteamanda@example.com,Humphreyburgh,Kansas,53050,Comoros,2025-04-19
56,Christina Williams,myersvanessa@example.net,Garciabury,New Mexico,56578,Israel,2026-02-16
57,Erika Duran,golson@example.com,Natashamouth,Arkansas,19731,Austria,2025-06-12
58,Robert Lewis,james23@example.net,Adamfurt,Colorado,31652,Australia,2025-10-22
59,Megan Campbell,danielbell@example.org,New Tiffany,Nevada,32704,India,2025-03-22
60,Stephanie Walter,robert71@example.net,Port Jonathanfurt,Utah,08532,Luxembourg,2025-07-11
61,Rachael Huerta,andrewcox@example.com,Stephenview,Delaware,69821,Hong Kong,2025-04-28
62,Melissa Lopez,steelemichael@example.net,Mosesside,Virginia,08914,Tokelau,2025-07-22
63,Denise Rogers,crollins@example.net,Lake Tinamouth,Hawaii,27071,Moldova,2026-01-02
64,Mercedes Cline,,New George,New Mexico,06150,Cuba,2025-08-29
65,Wanda Hull,barrysusan@example.net,West Virginiaburgh,Mississippi,80585,Cayman Islands,2025-07-25
66,Tanya Kelley,spencerrebecca@example.com,Jacobview,Oregon,60296,Bangladesh,2025-06-22
67,Jessica Silva,jamesbuckley@example.org,Port Mary,Michigan,55924,Vietnam,2025-06-06
68,,briannamccormick@example.net,South Dalton,Nevada,73845,Benin,2025-03-31
69,Teresa Mills,johnlewis@example.com,New Kevinfort,Rhode Island,12454,Sri Lanka,2025-04-16
70,Andres Jennings,cynthia08@example.com,Nolanland,Georgia,98277,Belarus,2025-07-03
71,Randall Reed,nmcdonald@example.com,North William,Florida,48349,Yemen,2025-05-12
72,Michael Jackson,vickithomas@example.net,Sandrastad,Iowa,66601,Libyan Arab Jamahiriya,2025-10-14
73,Ashley James,bridgetcox@example.net,Kimshire,New Jersey,08210,Philippines,2025-04-18
74,Chase Garrett,ashley93@example.net,Guerreroside,Pennsylvania,29086,Niue,2025-04-13
75,John Green,ericcompton@example.com,East Bobby,Colorado,16764,Wallis and Futuna,2025-05-24
76,,cynthiatucker@example.net,Port Roger,New Jersey,91613,Australia,2025-06-12
77,Elaine Buckley,jameshumphrey@example.com,New Katelyn,Arkansas,97378,Wallis and Futuna,2025-07-19
78,Shelly Goodwin,douglasnelson@example.net,Lake Biancaview,Missouri,29689,Germany,2025-08-01
79,Brett Williams,kathryn16@example.com,Palmerstad,Oregon,11133,Romania,2025-05-06
80,Barbara Anderson,lynchjennifer@example.com,Lake Austin,Maryland,31084,Congo,2025-10-13
81,Whitney Campbell,byrdjacob@example.org,Maxwellshire,South Carolina,96773,Romania,2026-02-01
82,Melissa Allen,aguirregregory@example.net,South James,Iowa,45454,Montserrat,2025-09-04
83,Heather Olson,xsampson@example.org,Lake Bryan,South Carolina,57637,Saint Lucia,2025-03-24
84,Mr. Joseph Holden,,Beasleyfurt,Minnesota,22109,Sierra Leone,2026-01-13
85,Robert Aguilar,,North Terri,Mississippi,73801,Montserrat,2026-01-23
86,Tammie Sanchez,haley54@example.net,Thompsonland,Virginia,80069,Hong Kong,2025-06-05
87,Brandon Cole,russogregg@example.net,Pattonport,Texas,03159,Poland,2025-06-28
88,Benjamin Walters,gentrydaniel@example.net,Daniellefort,Massachusetts,68896,Gibraltar,2025-10-10
89,Erin Young,medinadanielle@example.org,New Melissa,Iowa,00525,Vietnam,2025-04-09
90,William Hensley,,Lake James,Wyoming,09333,Aruba,2025-05-19
91,Todd Henderson,angela89@example.org,Hensonland,Kansas,35057,Tajikistan,2025-03-19
92,,jameswhite@example.org,South Kristenland,New York,79949,Holy See (Vatican City State),2025-10-29
93,Tammy Kennedy,lisa42@example.com,South Jacqueline,Nevada,62769,United Arab Emirates,2026-01-28
94,,carneyevan@example.net,South Peter,Michigan,16840,Nepal,2025-12-17
95,Robert Martinez,maldonadomichael@example.net,Lake Johnshire,Alabama,82161,Slovenia,2025-05-03
96,Lauren Griffin,zacharymiller@example.net,North Eugenehaven,Virginia,97697,Bulgaria,2025-10-21
97,Joan Schmitt,tknight@example.org,Lake Alexanderstad,Alabama,22675,Wallis and Futuna,2025-03-19
98,Kaitlyn Holmes,dennis11@example.org,Petersenview,Montana,62937,Philippines,2025-06-06
99,Heidi Johnson DDS,,Katrinaberg,Illinois,80888,Palestinian Territory,2025-09-13
100,Jody Berry,laurie00@example.net,South Josephshire,Colorado,97043,Equatorial Guinea,2026-01-11
1,James Hart,thuber@example.com,South Lanceland,Virginia,77557,Bermuda,2025-09-13
2,April Williams,penaamy@example.net,Sanchezland,Florida,15421,Puerto Rico,2025-04-12
3,Erica Colon,kathy57@example.org,Rhondamouth,Montana,96030,Mayotte,2025-09-01
4,Nicole Schwartz,emilypearson@example.com,Wellsville,Oregon,48056,Nigeria,2026-02-18
5,Timothy Schneider,stewarttimothy@example.com,Joelview,Pennsylvania,56713,Moldova,2026-02-05
